w_c,s_c,SP_percent,C_sp,Flow_percent,fc28_MPa,fr28_MPa,WFT
0.3,1.5,0,0,8,58.2,7.6,0.095
0.4,1.5,0,0,45,44.5,6.1,0.235
0.3,3,0,0,0,38.5,4.4,0.018
0.4,3,0,0,25,36.8,5.2,0.072
0.3,1.5,1,11.31161,88,66.4,8.3,0.276
0.4,1.5,1,8.54875,122,41.2,5.5,0.398
0.3,3,1,11.31161,58,55.8,6.8,0.156
0.4,3,1,8.54875,99,45.6,5.9,0.315
0.3,2.25,0.5,5.7432,52,64.5,7.9,0.129
0.4,2.25,0.5,4.3241,103,46.1,6,0.249
0.35,1.5,0.5,4.93363,82,56.4,7.1,0.211
0.35,3,0.5,4.93363,48,50.2,6.1,0.118
0.35,2.25,0,0,22,48.5,5.8,0.055
0.35,2.25,1,9.738,111,53.8,6.9,0.338
0.35,2.25,0.5,4.93363,84,55.2,6.9,0.193
0.35,2.25,0.5,4.93363,80,54.8,7.1,0.181
0.35,2.25,0.5,4.93363,86,55.9,7,0.202
0.35,2.25,0.5,4.93363,82,56.1,7.2,0.186
0.35,2.25,0.5,4.93363,83,54.5,6.8,0.191
0.35,2.25,0.5,4.93363,85,55.4,7,0.197
