Mix_ID,Run_Type,wb_ratio,sb_ratio,RHA_mass_pct,Coated_EPS_vol_pct,fr_MPa,fc_MPa,Theoretical_Density_kg_m3,Fresh_Density_kg_m3,Measured_28d_Density_kg_m3,Water_Absorption_pct,Apparent_Porosity_pct,Handling_Toughness_mJ_mm3,Specific_fr_MPa_per_kg_m3_x10e3,Specific_fc_MPa_per_kg_m3_x10e3
S2M1,"Factorial (-1,-1)",0.425,2.25,0,0,4.743,35.58,2299,2274,2287,2.63,6.04,35.477,2.07,15.56
S2M2,"Factorial (+1,-1)",0.425,2.25,20,0,5.493,47.68,2257,2220,2233,3.08,6.72,32.413,2.46,21.35
S2M3,"Factorial (-1,+1)",0.425,2.25,0,40,1.654,4.376,1767,1735,1748,4.5,8.03,1.866,0.95,2.5
S2M4,"Factorial (+1,+1)",0.425,2.25,20,40,1.698,4.29,1735,1706,1719,4.24,7.85,4.36,0.99,2.5
S2M5,"Axial (-1,0)",0.425,2.25,0,20,2.869,12.25,2033,1997,2011,3.82,7.65,12.578,1.43,6.09
S2M6,"Axial (+1,0)",0.425,2.25,20,20,3.189,14.98,1996,1962,1976,3.24,6.98,7.44,1.61,7.58
S2M7,"Axial (0,-1)",0.425,2.25,10,0,5.506,48.93,2277,2249,2263,2.63,5.83,32.945,2.43,21.62
S2M8,"Axial (0,+1)",0.425,2.25,10,40,1.798,5.21,1751,1720,1734,3.52,6.94,3.844,1.04,3.0
S2M9,"Center (0,0)",0.425,2.25,10,20,3.293,17.96,2043,2000,2034,3.07,5.97,11.791,1.62,8.83
S2M10,"Center (0,0)",0.425,2.25,10,20,3.168,16.19,2018,1970,1970,2.96,5.84,11.995,1.61,8.22
S2M11,"Center (0,0)",0.425,2.25,10,20,3.322,16.19,1981,1970,1975,3.29,6.55,10.958,1.68,8.2
