Mix_ID,Run_Type,wb_ratio,sb_ratio,fr_MPa,fc_MPa,Theoretical_Fresh_Density_kg_m3,Measured_Fresh_Density_kg_m3,Volumetric_Variance_pct,Measured_28d_Density_kg_m3,Water_Absorption_pct,Apparent_Porosity_pct,Handling_Toughness_mJ_mm3,Specific_fr_MPa_per_kg_m3_x10e3,Specific_fc_MPa_per_kg_m3_x10e3
S1M1,"Factorial (-1,-1)",0.35,1.5,6.47,46.0,2286,2262,1.05,2275,2.64,6.04,48.438,2.84,20.22
S1M2,"Factorial (+1,-1)",0.5,1.5,4.894,36.5,2146,2112,1.58,2125,3.51,7.97,37.94,2.3,17.18
S1M3,"Factorial (-1,+1)",0.35,3.0,4.941,35.66,2417,2382,1.45,2396,3.08,7.26,37.15,2.06,14.88
S1M4,"Factorial (+1,+1)",0.5,3.0,4.121,31.34,2306,2266,1.73,2279,4.23,9.55,30.15,1.81,13.75
S1M5,"Axial (-1,0)",0.35,2.25,5.523,39.31,2364,2328,1.52,2342,2.8,6.47,42.42,2.36,16.78
S1M6,"Axial (+1,0)",0.5,2.25,4.348,32.94,2239,2201,1.7,2214,3.77,8.61,32.96,1.96,14.88
S1M7,"Axial (0,-1)",0.425,1.5,5.484,40.25,2212,2179,1.49,2192,2.89,6.69,40.825,2.5,18.36
S1M8,"Axial (0,+1)",0.425,3.0,4.389,32.98,2360,2324,1.53,2338,3.35,7.86,32.41,1.88,14.11
S1M9,"Center (0,0)",0.425,2.25,4.577,34.55,2299,2238,2.65,2251,3.15,7.49,36.15,2.03,15.35
S1M10,"Center (0,0)",0.425,2.25,4.9,36.58,2299,2279,0.87,2293,2.91,6.92,38.1,2.14,15.95
S1M11,"Center (0,0)",0.425,2.25,4.752,35.62,2299,2257,1.83,2269,3.03,7.22,34.2,2.09,15.7
